tx_hash,event_type,slot,project_id,source
"01c41c0099e049a3994f3be7c5650fa4ed5b95ecc4e6b48a3d50032793a9c05b","complete",176924760,"","local_only"
"0a4b43adaad122032d3c4273b122e6cce62339c3148d5792524ed7bf0d56f2a2","complete",166383900,"","local_only"
"119ce023f3d1d957fb4b9c420a72fbc93211dcee1b9e8f36f8e23b7af061d6c2","complete",173204514,"","local_only"
"12063bce80fe307d5f468b9f92b1d15143bf491f072d851e9f82fdb01e913ffc","complete",173721444,"","local_only"
"129137932f56934891aa3ada127b0d023a22d0f677fc49bacebd99f1d416e1be","complete",176924843,"","local_only"
"1a7b6f674065f9fa4877b7e2a467b55e12b4dca938f81dd3223f0f9fcf3010b2","complete",173203870,"","local_only"
"1b3ad01944e0b6155834161b2e1575757d59b49c05591d48ca6ec053e70b7cc9","complete",173721553,"","local_only"
"1ef6d55ceba6666b1020cf81fab144b47371d85ca9d65ece910bbf861e1ed1de","complete",182375052,"","local_only"
"264c58ee3b61e9cbea423f08f672a1226071aba82acd1c4a8d1d9ca709cd8d03","complete",173203699,"","local_only"
"32610e32496770f0c3a6973b8afe21a4ca40fe5524673c5eba906cb228ac3c6f","complete",173204319,"","local_only"
"370ce49124bb3b122171fa0c7c8e59aa103d38e42729b0f67a4f41073daf1eaa","complete",173874782,"","local_only"
"3ea451007c916b802e35d99637c009dea256e384ac6726d1ad4138c0ef8bbc45","complete",178123944,"","local_only"
"40f31f856b6235698e1be11744689c7bbaaeebe1006b4cb05cf71080549b5804","complete",173216644,"","local_only"
"4c11f98ec58d5c60a5f8f6b8d6a30cf762a53242b6bed62f9cacb15a05315d73","complete",173204587,"","local_only"
"587b685c5c6a30810a51403bde9a2950ad549b22d5ff5d2fd57c49d9ebf6d595","complete",173204275,"","local_only"
"5afe9cfccb08c56ff25a638c9db72c7bd8776454b3add66436bd0b2c9755a4fb","complete",173721312,"","local_only"
"5ccc7c8e3e589561bba6cdceec418917756ecfd6b5724ada1739df9c3977dd7b","complete",173204620,"","local_only"
"5cedfad0f8efb614a143f02380f926dd3fa64cd26ecfaecc02ecd99f7c24a286","complete",178124022,"","local_only"
"5deccd211e55312f69182b5b7df81fd612e1cf16faa3d46b6bec432054d61f36","complete",178046218,"","local_only"
"619e2284d5e1b3883439baf42ad32578368e5fae9c4fff4cf7d60e2948d0b348","complete",173873831,"","local_only"
"6270c40668a52ef768033f94f07565564b1a177e38b048ea2ef5dfa183e7fc29","complete",173721050,"","local_only"
"66efb0b8579563064670c25c569ed69a75a121b644abee54b5470d91ddbee827","complete",182431115,"","local_only"
"6a3d6fa37b52cc1b94c19ebcc019fe6910b861436e0681e638c8a8743e6641d5","complete",174410155,"","local_only"
"6c3c753432ccf7b4a7c3a83c4e916b710b166f768a2afc62229dc3b9aed672af","complete",173204220,"","local_only"
"6d27369ae3fcf0a79abd383c182beac84ae436c36a9bd4c28bafd14a49d8639d","complete",173721172,"","local_only"
"6eaf1a4f32f1d1da8376fb7fed08947fc22baeb9a970beece4a52fb12613d370","complete",178046446,"","local_only"
"76ea3cc35a57834ed06dc2f63433788a989a4c612539dea98f5adb95e610c47b","withdraw",172714231,"","local_only"
"776c217d911b6dfea9f2fa8f7343479b0fa51fd0a5abc33fd949568d2f026d9a","complete",178046133,"","local_only"
"78686a6e78d4a06ec486108668972da781425ce68d6a0bc9f1cafc68b513fff3","complete",174410106,"","local_only"
"79544875caa654f30f57630cc4e8499b07980235029b98cb9fd7d711bd6ed793","complete",178046649,"","local_only"
"7f969b4e28144ca2fb15c6f66ecb3dcad862247e63c454cad41726f42d79ca82","complete",166383749,"","local_only"
"8134b4b08e9e506a42c6b9cb2d3ae63c1b136b05f34cf26b383cff7003158a83","complete",173203757,"","local_only"
"864fb022fe338d9e4fe482f7efced1448cf14752af25a9a58647751320300dc6","complete",178045753,"","local_only"
"8a4f6e082df061853539d4b979faa0859bf3ecffe5f7a6b1b564ecd1b285a3e7","complete",173289038,"","local_only"
"98286fb318721b56ef3e655739316bd5970099dc9fcf5b962cc2e92f5c61e214","complete",173204046,"","local_only"
"a544b3bfdd4a23eb673816a91245da7fd247d5329012d91ae5e3e1129aec424d","complete",178046287,"","local_only"
"a9daccdddcb8ed38f7580132823ff4814b5ff3f4efddda499ea1b0b5bdcaa1cc","complete",173204446,"","local_only"
"ade62fea9085759fc6cce6d0173e1fbc6606959fff058372042cd0eff321421e","complete",178046519,"","local_only"
"b0b03a35eaf0fe01fd4aecc68a7217ef1f19fea7a10c798461b4c6afacec3de7","publish",160963893,"","local_only"
"b59a596867122dabf632d5b39c36342e48f5048f2612d467de6246ad0eb9d100","complete",174238020,"","local_only"
"b71dea5798879482b5996de48b8d169dfc31222e96a79a84b6f8ad4fac8e04dd","complete",174410218,"","local_only"
"b8c63a6800b06cd4793d47ecca26ba2866da6a270affd2036ab91f41cdcfc47d","complete",173203902,"","local_only"
"bf62dc2af82b601a83cab86c3935ff7ad8814c2dbf013a74369f747f93421aa0","complete",173196627,"","local_only"
"c5b3295d55c5a8c8574f344741ad1cbf9caffba980dd0c098fb61653828b9979","complete",174410320,"","local_only"
"c642aca6293bf29db80351e0550bbfb4e8aeb115006d303c7f601e60a1b492dd","complete",173201212,"","local_only"
"c82f3da96cb53f563da96ea680f1a3180d6305b90301c32040bdd3a6ffaa4c52","complete",173874978,"","local_only"
"c9aa801d75c0914ee1288fed3c784000e6610c80094a09324b02ef6b57f8ff89","complete",183304156,"","local_only"
"d5724db9cef45200630abc86f266d43939202ac4434800a220a6287fee509d59","complete",173874752,"","local_only"
"d8be3d2a65005de7c5ea858994c1926c2a0fcaa5d7db6f1d5d702422ce5c83a5","complete",178045975,"","local_only"
"dc3673f9aebc29369aff77d2f13a742b102ae671c1178e9db037e954b1eaa724","complete",178123790,"","local_only"
"dcfa08e0ccbaed36554a423c6ea3d7d8146d1d151fde208a0e7ad3a9baee445a","complete",173203972,"","local_only"
"e78344c2c47179947dff23e218fe68bfbeba5bc4a6ef79196743d388f995de7e","complete",173204703,"","local_only"
"ea07303b63c36810ce4aa577eda1a081243df36bf1e289fb12b0ea7caaf2396a","complete",178045647,"","local_only"
"eaa12a86486049f7bad5aefe85853fea8380fa900c4494e374e6d9f61746450b","complete",178047110,"","local_only"
"ed32163e6dbd111b88a691fe6d43c371cc8d56d776bbebf3906af18e3bfc60b6","complete",173204172,"","local_only"
"f22f50686bd52f819d0f79fa7b3ebe5ecb2e31c98ef1b174f19dccc19f4bc5e6","complete",178045507,"","local_only"
"f2801856ee7cd78eb1899f1d64307613458e8eb4719c6ae11d851d83b5c7dbcc","complete",173289065,"","local_only"
"f32f61ad971d4f593a8ec9e31bbb109ca15f78e0283ef588728c444f9c6b41a2","complete",173201152,"","local_only"
"f5a1bd59d060a587159b97674e5018770e510b469af60654b44b5ef5b0fdae87","complete",173216705,"","local_only"
"fe4a4aa152e1c58258ef5bd2868215a27224f4ef2f4401ee2add30e1c91835dc","complete",173196136,"","local_only"
"01cc36a2b0b289df7c84e71c8e2952f3de052182a891ecde1a7eb096cbcb3f6c","complete",179954927,"","deployed_only"
"06400975adb3dbbaad29359e25a560bedd9fb227aa085b95db6384d8c3114a01","complete",180255954,"","deployed_only"
"16b2c24e07abbad48e407a5257de4722a99d6b83f2a215a46455e5c0283a9041","withdraw",179342737,"","deployed_only"
"170dccffdd3701d047299a83ae33af600559d12d7caa12db4b1eb1a65927a4d5","withdraw",173874384,"","deployed_only"
"1bab42f67e8d2b1cd6cd4dd2fd8b00f05731a353cec79033124c216a80bdb3f8","withdraw",180010479,"","deployed_only"
"3ad4fd02801f63d6705a5a44276b0180f1040397d67270109bff3fd7d34602ae","complete",185196991,"","deployed_only"
"3f0ff9d9586764354e1a968a0c81ae97b29315d3f6bfa5c1ce28960a5a5f51df","withdraw",173873994,"","deployed_only"
"42790dc4214dde7168729403b9fcfa07d8e733ee6e673ee2f53225acb2d49558","withdraw",182353057,"","deployed_only"
"4664bc394d49772a4d7a499769232428094c92d76598d1fbfbbc7b8403382fd6","withdraw",176395813,"","deployed_only"
"51b15a76366d3390253a8a1122f9f1164018d1a51c23a51b8861836c0dcd1059","withdraw",185376418,"","deployed_only"
"52f8a352fa679928443ca4aa86d6ea13ad34f753be06519d35c8d3ad3fda8241","withdraw",180010290,"","deployed_only"
"558e9d5f7c0a4278ccace06df62519cde4df134abab079d0caf152bf208ea84f","complete",183049823,"","deployed_only"
"5b82ed0ccc2df28141365a75fa71c6ec825546122f856b5495ac699592f43b7f","withdraw",180961847,"","deployed_only"
"5ed349ac3897b96da6d99b54b749137b20758a15095105b2fb0ac322033b2cc8","complete",178114742,"","deployed_only"
"60fa07df1aeefd446f2affd2395f6316b60378f71ed85ffa6f5d764137ad6569","withdraw",177337733,"","deployed_only"
"661128abb10e26f3d7d193b3806d3e6690f14ff9c934cd4884236d009bcd3f4c","withdraw",182315123,"","deployed_only"
"6db20bb408c4ad1e43798d3d4891903744404d3c7d4562d91db60620b4b30734","complete",176999799,"","deployed_only"
"82b764ca1eaf13dd520551bf641d70d9f19aa7bbc13ce180b8e76c764f16021d","withdraw",183300937,"","deployed_only"
"890de7904876f2ff3c1ad6362bcc56c45d2aaf295374d95125289d3832e68d7e","complete",179954230,"","deployed_only"
"96009311ecd86d08189d11dc15056871770c3dc8653b96476d809cbec2d1785d","complete",178114481,"","deployed_only"
"9709550b764b6ef13f8f06a80525a3cf0f7c5435c5e4e6ed0d20f55af7a81f2b","withdraw",180876472,"","deployed_only"
"a98d686ae792e60e589d68694ab721c3078f51c23b143711c8583fc771d07ab9","withdraw",177337599,"","deployed_only"
"b284d6775c038dd5d6841a75f217fc2c33f0af9bea5868275f271b01143b4938","withdraw",183404706,"","deployed_only"
"b4d7a78ec2c8d9c810bd1d8fe46ad11798d613e0cc763b9f7fedccbb82d97847","complete",177000042,"","deployed_only"
"bb3e6cf751a89b73e07d51d0692aa14543c49e97208cbadc3c7467b80852af11","withdraw",184688142,"","deployed_only"
"be43513af2eb73dfdb4a86c9168501315ddfd263b62e04650b68a2fef6e9477e","complete",182315233,"","deployed_only"
"c05538a93bc366ee7e521e55d3f529a9dddd32d5d475c13b0f25773f88d449c9","withdraw",182366895,"","deployed_only"
"cc01f6b78fc778feb0371d12b83b9917b5527bfa99d32a1f80e5c7519a8e1fe9","withdraw",179413685,"","deployed_only"
"ce291f36935ff550c23d1a50d9df80910346a0901fd67f495c27075e2c4b6254","complete",178043546,"","deployed_only"
"d3b6f4451d5c64b575b5f68b04c82ad4948663d22400b657efaf5fb157bac820","withdraw",185140469,"","deployed_only"
"d3e65beeb99924ad884ebea07276acc9e16445fb8561b08062ca99dbb5faf304","complete",179953964,"","deployed_only"
"d3ffacb7fc7134e95f56543e94c764be5d6c2f57f3aeedf46c2f9113f0e1d748","withdraw",174410359,"","deployed_only"
"d8e0c729dba61e44993a2b60f3654ad6b4b3baa78eac7f65b9fb1edf4ce58afe","complete",184528152,"","deployed_only"
"ef43761347a3f8bd72017d87d784fe657d359ea7655ea74db73031cb1b06d1ab","complete",184072370,"","deployed_only"
"ef603faac7e6ee6972b65f9add95675dc43265b4a09c98a58031f7c4584661d3","complete",178044033,"","deployed_only"
"efd0f792cf0dbddcd2752d29b0d4bfd9525b6276bd25a56f0deae074ed9d8189","withdraw",173874292,"","deployed_only"
"f6053940f027614c3552ad3d737cc1083cf4ce92273282d46c46400c14d251f2","withdraw",182979001,"","deployed_only"
